{
    "DIVERTOR": {
        "created": "23/11/2023 14:31:59",
        "height[m]": 3.35,
        "high_field_side_target_radius[m]": 1.75,
        "high_field_side_flux_expansion[#]": 5.0,
        "high_field_side_poloidal_angle[degrees]": 45.0,
        "high_field_side_radiated_power[#]": 0.0,
        "high_field_side_power_flux[MW/m2]": 211.64,
        "low_field_side_target_radius[m]": 4.02,
        "low_field_side_flux_expansion[#]": 1.0,
        "low_field_side_poloidal_angle[degrees]": 5.0,
        "low_field_side_radiated_power[#]": 0.9,
        "low_field_side_power_flux[MW/m2]": 22.66,
        "first_wall_r[m]": [
            1.5,
            1.5,
            2.0,
            2.0,
            1.7471633989081483,
            1.7471633989081483,
            1.9153725491811113,
            2.42,
            3.823189137455654,
            4.2231891374556545,
            2.62,
            2.697135932873817,
            2.900116592557959,
            3.159803172932183,
            3.4598358044808,
            3.783679268975145,
            4.1154499414431855,
            4.440562158685705,
            4.7461728255369655,
            5.021425910537227,
            5.257519163050878,
            5.447631834233749,
            5.586762838367383,
            5.671532737677696,
            5.671532737677696,
            5.586762838367383,
            5.447631834233749,
            5.257519163050878,
            5.021425910537227,
            4.7461728255369655,
            4.440562158685705,
            4.1154499414431855,
            3.783679268975145,
            3.4598358044808,
            3.159803172932183,
            2.900116592557959,
            2.697135932873817,
            2.62,
            4.2231891374556545,
            3.823189137455654,
            2.42,
            1.9153725491811113,
            1.7471633989081483,
            1.7471633989081483,
            2.0,
            2.0,
            1.5,
            1.5
        ],
        "first_wall_z[m]": [
            0.0,
            2.93,
            5.86,
            5.86,
            6.228711967236985,
            6.428711967236985,
            6.228711967236985,
            6.228711967236985,
            8.395701991469856,
            8.395701991469856,
            5.86,
            5.731944940300101,
            5.5731911854896,
            5.353376381785641,
            5.07490886617681,
            4.740839587037192,
            4.3548286772975295,
            3.9211053532629094,
            3.444421578433893,
            2.9299999999999997,
            2.383476728424189,
            1.8108395870371918,
            1.2183625081920697,
            0.6125367947484492,
            -0.6125367947484492,
            -1.2183625081920697,
            -1.8108395870371918,
            -2.383476728424189,
            -2.9299999999999997,
            -3.444421578433893,
            -3.9211053532629094,
            -4.3548286772975295,
            -4.740839587037192,
            -5.07490886617681,
            -5.353376381785641,
            -5.5731911854896,
            -5.731944940300101,
            -5.86,
            -8.395701991469856,
            -8.395701991469856,
            -6.228711967236985,
            -6.228711967236985,
            -6.428711967236985,
            -6.228711967236985,
            -5.86,
            -5.86,
            -2.93,
            0.0
        ]
    }
}