{
    "TF": {
        "created": "17/11/2023 15:12:18",
        "field_on_plasma[T]": 3.2,
        "peak_field_in_core[T]": 15.8,
        "number_of_limbs[#]": 10,
        "pancakes_in_each_layer[#]": [
            12
        ],
        "tape_length(actual)[km]": 3415.0,
        "current_density_per_turn[A/mm2]": 86.0,
        "stored_energy[GJ]": 12.8,
        "full_power_life[years]": 5.0,
        "full_power_life[years](with annealing)": 5.0,
        "rinner[m]": [
            10.010964043907855,
            9.990380553569828,
            9.928920371998512,
            9.827446996031588,
            9.687375297911034,
            9.510636065300652,
            9.299628252071349,
            9.057160715252767,
            8.786385559456804,
            8.490725450164646,
            8.173797383288099,
            7.839335409226965,
            7.49111471092266,
            7.13287923886731,
            6.768274828240835,
            6.400789384300401,
            6.033701343655043,
            5.670037223203498,
            5.312538676204041,
            4.9636391047189985,
            4.62544954480366,
            4.299753256733782,
            3.9880082246842603,
            3.6913566020191517,
            3.4106400295488366,
            3.1464197014931004,
            2.8990000517783847,
            2.668454974306547,
            2.4546555665723693,
            2.257298487735977,
            2.07593414143276,
            1.9099940223258445,
            1.758816696727421,
            1.6216720157371967,
            1.4977832797042865,
            1.3863471820736777,
            1.2865514566372047,
            1.197590233694104,
            1.1186771773141562,
            1.0490565281434252,
            0.9880122148606292,
            0.9348752236877029,
            0.8890294306900692,
            0.8499161074626373,
            0.8170373086688851,
            0.789958341185713,
            0.7683095005837481,
            0.751787242467036,
            0.7401549347709517,
            0.7332433132763017,
            0.7309507369978467,
            0.7332433132763017,
            0.7401549347709517,
            0.751787242467036,
            0.7683095005837481,
            0.789958341185713,
            0.8170373086688851,
            0.8499161074626373,
            0.8890294306900692,
            0.9348752236877029,
            0.9880122148606292,
            1.0490565281434252,
            1.1186771773141562,
            1.1975902336941049,
            1.2865514566372056,
            1.3863471820736772,
            1.4977832797042883,
            1.621672015737197,
            1.758816696727422,
            1.909994022325845,
            2.0759341414327594,
            2.2572984877359796,
            2.45465556657237,
            2.6684549743065498,
            2.8990000517783856,
            3.1464197014930995,
            3.410640029548837,
            3.6913566020191526,
            3.9880082246842634,
            4.299753256733782,
            4.625449544803659,
            4.963639104719001,
            5.312538676204039,
            5.6700372232035035,
            6.033701343655046,
            6.400789384300406,
            6.768274828240836,
            7.132879238867311,
            7.491114710922663,
            7.839335409226965,
            8.1737973832881,
            8.490725450164648,
            8.786385559456802,
            9.057160715252767,
            9.299628252071349,
            9.510636065300654,
            9.687375297911036,
            9.827446996031588,
            9.928920371998512,
            9.990380553569828,
            10.010964043907855
        ],
        "zinner[m]": [
            0.0,
            0.5561656641014979,
            1.11013639641471,
            1.6597259275443494,
            2.2027652786946215,
            2.7371113216376157,
            3.2606552366613237,
            3.7713308351176096,
            4.267122713724854,
            4.746074208443957,
            5.206295116537389,
            5.6459691563358385,
            6.0633611352721815,
            6.456823797893812,
            6.824804326827356,
            7.165850471039425,
            7.478616277207975,
            7.761867401585167,
            8.01448598138821,
            8.235475046493075,
            8.42396245402009,
            8.579204330283456,
            8.700588006520828,
            8.78763443681702,
            8.840000088679385,
            8.857478298803617,
            8.840000088679385,
            8.787634436817019,
            8.700588006520826,
            8.579204330283456,
            8.42396245402009,
            8.235475046493075,
            8.014485981388209,
            7.761867401585166,
            7.4786162772079745,
            7.165850471039425,
            6.824804326827356,
            6.4568237978938114,
            6.063361135272179,
            5.645969156335837,
            5.20629511653739,
            4.746074208443957,
            4.267122713724852,
            3.7713308351176074,
            3.260655236661322,
            2.7371113216376135,
            2.202765278694622,
            1.659725927544349,
            1.1101363964147086,
            0.5561656641014958,
            -2.848782294265076e-15,
            -0.5561656641014977,
            -1.1101363964147104,
            -1.6597259275443508,
            -2.2027652786946232,
            -2.737111321637619,
            -3.260655236661327,
            -3.771330835117609,
            -4.267122713724854,
            -4.746074208443959,
            -5.206295116537392,
            -5.64596915633584,
            -6.0633611352721815,
            -6.456823797893812,
            -6.8248043268273575,
            -7.165850471039424,
            -7.478616277207977,
            -7.7618674015851665,
            -8.014485981388212,
            -8.235475046493075,
            -8.42396245402009,
            -8.579204330283458,
            -8.700588006520828,
            -8.78763443681702,
            -8.840000088679385,
            -8.857478298803617,
            -8.840000088679385,
            -8.78763443681702,
            -8.700588006520826,
            -8.579204330283456,
            -8.423962454020092,
            -8.235475046493073,
            -8.01448598138821,
            -7.761867401585164,
            -7.4786162772079745,
            -7.165850471039421,
            -6.824804326827354,
            -6.456823797893812,
            -6.063361135272177,
            -5.645969156335838,
            -5.206295116537385,
            -4.746074208443955,
            -4.267122713724854,
            -3.771330835117605,
            -3.260655236661323,
            -2.7371113216376104,
            -2.202765278694619,
            -1.65972592754435,
            -1.110136396414706,
            -0.5561656641014969,
            0.0
        ],