{
"global_time": 0.0,
"wall": {
"description_2d": [
{
"limiter": {
"unit": [
{
"outline": {
"z": [
0.0091823196891,
-0.02033972885415,
-0.049861777397400005,
-0.0793838250929,
-0.10890586702369999,
-0.13842787724865,
-0.16794973674365,
-0.1974709836545,
-0.22699009474400003,
-0.256502781584,
-0.28599870162450003,
-0.315456533953,
-0.344838908054,
-0.3740908625995,
-0.403146230702,
-0.431943016404,
-0.460442038396,
-0.4886389375475,
-0.5165633511985,
-0.5442672650745,
-0.5718097419179999,
-0.599244607072,
-0.6266138818085,
-0.6539464845755,
-0.681260177431,
-0.7085645789464999,
-0.735863839706,
-0.763158175038,
-0.790444049825,
-0.817712993349,
-0.8449492374600001,
-0.8721265782055001,
-0.899205098429,
-0.9261287516825,
-0.9528251095970001,
-0.9792089919479999,
-1.0051915138435,
-1.0306947704495,
-1.055669080225,
-1.08010644041,
-1.104043733216,
-1.1275537583265,
-1.1507279506655,
-1.1736574721814999,
-1.196417787884,
-1.2190582147815001,
-1.241594714311,
-1.2640026932450001,
-1.286206764567,
-1.3080654947535,
-1.329350355837,
-1.34972081512,
-1.3687057677545,
-1.3857213784884999,
-1.4001750751585,
-1.4116674488295,
-1.4201762325,
-1.426057827052,
-1.429875469108,
-1.43221119669,
-1.4335583341735,
-1.43428862502,
-1.4346590442959999,
-1.4348339029065,
-1.434910178365,
-1.4349402073655,
-1.434948937495,
-1.4349446767035,
-1.4349233880055001,
-1.4348666599664999,
-1.4347334309675,
-1.4344455045485,
-1.433867842612,
-1.432786228906,
-1.430887462193,
-1.4277511822445,
-1.422868825531,
-1.4157102465034999,
-1.4058442574705,
-1.3930667354915,
-1.377441541574,
-1.3592123173725,
-1.3386627963345,
-1.3160327543745,
-1.2915261601425,
-1.2653781811840001,
-1.237909029629,
-1.2095018918685,
-1.1805184773950002,
-1.1512282893245,
-1.121795238424,
-1.092303555438,
-1.0627906566605,
-1.033271019966,
-1.003749523308,
-0.9742275824290001,
-0.9447055516885,
-0.9151835056885,
-0.885661457993,
-0.8561394086020001,
-0.8266173609065,
-0.7970953115155,
-0.76757326382,
-0.738051214429,
-0.7085291667335,
-0.6790071173425,
-0.649485069647,
-0.619963020256,
-0.5904409725605,
-0.5609189231695001,
-0.531396875474,
-0.5018748260829999,
-0.47235277838750006,
-0.4428307289965,
-0.4133086796055,
-0.38378663191,
-0.354264582519,
-0.3247425348235,
-0.29522048543249996,
-0.265698437737,
-0.236176388346,
-0.2066543406505,
-0.1771322912595,
-0.14761024305535,
-0.11808819434255001,
-0.0885661457993,
-0.059044097256050004,
-0.02952204854325,
0.0,
0.02952204854325,
0.059044097256050004,
0.0885661457993,
0.11808819434255001,
0.14761024305535,
0.1771322912595,
0.2066543406505,
0.236176388346,
0.265698437737,
0.29522048543249996,
0.3247425348235,
0.354264582519,
0.38378663191,
0.4133086796055,
0.4428307289965,
0.47235277838750006,
0.5018748260829999,
0.531396875474,
0.5609189231695001,
0.5904409725605,
0.619963020256,
0.649485069647,
0.6790071173425,
0.7085291667335,
0.738051214429,
0.76757326382,
0.7970953115155,
0.8266173609065,
0.8561394086020001,
0.885661457993,
0.9151835056885,
0.9447055516885,
0.9742275824290001,
1.003749523308,
1.033271019966,
1.0627906566605,
1.092303555438,
1.121795238424,
1.1512282893245,
1.1805184773950002,
1.2095018918685,
1.237909029629,
1.2653781811840001,
1.2915261601425,
1.3160327543745,
1.3386627963345,
1.3592123173725,
1.377441541574,
1.3930667354915,
1.4058442574705,
1.415710244808,
1.4228688204445001,
1.4277511585075,
1.430887343508,
1.4327857236469999,
1.4338659453475,
1.43443915151,
1.434714198911,
1.4348135077370001,
1.434788343126,
1.4346274893455,
1.434256922561,
1.4335316741315,
1.4322247962955001,
1.430021689028,
1.4265317311705,
1.4213320463725,
1.4140529376409998,
1.4044879083355,
1.392671227902,
1.378865246142,
1.3634655265964999,
1.3468903626795001,
1.3295072387565,
1.311603408133,
1.2933848350625,
1.274988166672,
1.2564966825305002,
1.2379553032150001,
1.219381765351,
1.2007723201879998,
1.1821015945685,
1.163317501037,
1.1443337149065,
1.1250237722229999,
1.105222315958,
1.084739163572,
1.063389397053,
1.0410356130810001,
1.017627648593,
0.9932188830155,
0.9679479133005001,
0.941996439401,
0.9155468903350001,
0.8887557454930001,
0.8617438855474999,
0.8345976741819999,
0.807374716009,
0.7801108199885,
0.752826496584,
0.725532229072,
0.6982320425695,
0.6709252283575,
0.643606231978,
0.616262957734,
0.588873962637,
0.5614056300085,
0.5338111470935,
0.506033484054,
0.478014193614,
0.44970745827700004,
0.421095095501,
0.39219506741300003,
0.3630573217475,
0.3337480440425,
0.30433092745100004,
0.2748547498125,
0.24535038957299998,
0.2158343236015,
0.1863140409215,
0.15679244202485002,
0.12727049232925,
0.0977484620974,
0.0682264164365,
0.03870436823235,
0.0091823196891
],