{
"global_time": 0.0,
"wall": {
"description_2d": [
{
"limiter": {
"unit": [
{
"outline": {
"z": [
0.0054157002,
-0.0119963013,
-0.0294083028,
-0.0468203038,
-0.0642323014,
-0.0816442803,
-0.0990561703,
-0.116467699,
-0.133877968,
-0.151284448,
-0.168681039,
-0.186055166,
-0.203384788,
-0.220637489,
-0.237774244,
-0.254758488,
-0.271567112,
-0.288197545,
-0.304667267,
-0.321006939,
-0.337251396,
-0.353432384,
-0.369574687,
-0.385695361,
-0.401804882,
-0.417908923,
-0.434009932,
-0.450108036,
-0.46620115,
-0.482284278,
-0.49834812,
-0.514377221,
-0.530348038,
-0.546227515,
-0.561972934,
-0.577534056,
-0.592858457,
-0.607900189,
-0.62262995,
-0.63704302,
-0.651161152,
-0.665027283,
-0.678695341,
-0.692219093,
-0.705643048,
-0.718996293,
-0.732288242,
-0.74550439,
-0.758600274,
-0.771492477,
-0.784046214,
-0.79606064,
-0.807257899,
-0.817293647,
-0.825818387,
-0.832596549,
-0.837615,
-0.841083944,
-0.843335576,
-0.84471318,
-0.845507717,
-0.84593844,
-0.846156912,
-0.846260043,
-0.84630503,
-0.846322741,
-0.84632789,
-0.846325377,
-0.846312821,
-0.846279363,
-0.846200785,
-0.846030967,
-0.845690264,
-0.845052332,
-0.843932446,
-0.842082679,
-0.839203082,
-0.834980977,
-0.829162051,
-0.821625913,
-0.812410228,
-0.801658695,
-0.789538659,
-0.776191539,
-0.761737635,
-0.746315648,
-0.730114438,
-0.713360007,
-0.69626569,
-0.678990439,
-0.661630928,
-0.644236836,
-0.626830231,
-0.609419652,
-0.592007976,
-0.574596038,
-0.557184047,
-0.539772047,
-0.522360046,
-0.504948044,
-0.487536043,
-0.470124041,
-0.45271204,
-0.435300038,
-0.417888037,
-0.400476035,
-0.383064034,
-0.365652032,
-0.348240031,
-0.330828029,
-0.313416028,
-0.296004026,
-0.278592025,
-0.261180023,
-0.243768021,
-0.22635602,
-0.208944018,
-0.191532017,
-0.174120015,
-0.156708014,
-0.139296012,
-0.121884011,
-0.104472009,
-0.0870600077,
-0.0696480061,
-0.0522360046,
-0.0348240031,
-0.0174120015,
0.0,
0.0174120015,
0.0348240031,
0.0522360046,
0.0696480061,
0.0870600077,
0.104472009,
0.121884011,
0.139296012,
0.156708014,
0.174120015,
0.191532017,
0.208944018,
0.22635602,
0.243768021,
0.261180023,
0.278592025,
0.296004026,
0.313416028,
0.330828029,
0.348240031,
0.365652032,
0.383064034,
0.400476035,
0.417888037,
0.435300038,
0.45271204,
0.470124041,
0.487536043,
0.504948044,
0.522360046,
0.539772047,
0.557184047,
0.574596038,
0.592007976,
0.609419652,
0.626830231,
0.644236836,
0.661630928,
0.678990439,
0.69626569,
0.713360007,
0.730114438,
0.746315648,
0.761737635,
0.776191539,
0.789538659,
0.801658695,
0.812410228,
0.821625913,
0.829162051,
0.834980976,
0.839203079,
0.842082665,
0.843932376,
0.845052034,
0.845689145,
0.84602722,
0.846189442,
0.846248014,
0.846233172,
0.846138301,
0.845919742,
0.845491993,
0.844721201,
0.843421816,
0.841363451,
0.838296695,
0.834003502,
0.828362081,
0.821392644,
0.813249924,
0.804167223,
0.794391249,
0.784138743,
0.773579126,
0.762833875,
0.751983584,
0.741077371,
0.73014173,
0.719187122,
0.708211336,
0.697199407,
0.686120614,
0.674924043,
0.663535106,
0.651856276,
0.639775384,
0.627183366,
0.613999182,
0.600193246,
0.585797041,
0.570892311,
0.555586222,
0.53998637,
0.524185046,
0.508253545,
0.492242804,
0.476186798,
0.460106647,
0.444014448,
0.427916384,
0.411814829,
0.395709365,
0.379596716,
0.363469748,
0.347315814,
0.331115087,
0.314839957,
0.298456788,
0.281931108,
0.265235894,
0.248360422,
0.231315286,
0.214129945,
0.196843435,
0.179493322,
0.162108375,
0.144706806,
0.127298333,
0.109887373,
0.0924756367,
0.0750636935,
0.0576517028,
0.040239703,
0.0228277017,
0.0054157002
],
"r": [
1.44634535,
1.44634514,
1.44634367,
1.44633925,
1.44632761,
1.44629955,
1.44623719,
1.44610878,
1.44586301,
1.4454243,
1.44469162,
1.44354357,
1.44185172,
1.43950182,
1.43641819,
1.4325825,
1.42803854,
1.42288039,
1.41723004,
1.41121395,
1.40494533,
1.39851465,
1.39198748,
1.38540708,
1.37879942,
1.37217842,
1.36555005,
1.35891463,
1.35226711,
1.34559547,
1.33887752,
1.33207709,
1.32514088,
1.31799802,
1.31056431,
1.30275216,
1.29448533,
1.28571471,
1.27642969,
1.2666603,
1.2564693,
1.24593798,
1.23515084,
1.22418333,
1.2130939,
1.20191943,
1.19067213,
1.17933583,
1.16786081,
1.15615739,
1.14409162,
1.13148883,
1.11815505,
1.10392715,
1.08874635,
1.07270951,
1.05603749,
1.03897501,
1.02170934,
1.00435194,
0.986958063,
0.96955138,
0.952140745,
0.934729047,
0.917317103,
0.89990511,
0.882493109,
0.865081108,
0.847669111,
0.830257142,
0.812845317,
0.795434141,
0.778025465,
0.760625138,
0.743249173,
0.725935744,
0.708763732,
0.691871974,
0.675462121,
0.659766838,
0.644994986,
0.63130025,
0.618800285,
0.607620055,
0.597913233,
0.589832674,
0.583456283,
0.578719092,
0.575409819,
0.573232321,
0.571880979,
0.571090669,
0.570656371,
0.570433064,
0.570326139,
0.57027869,
0.570259267,
0.570251969,
0.570249463,
0.570248681,
0.570248461,
0.570248405,
0.570248393,
0.57024839,
0.57024839,
0.57024839,
0.57024839,
0.57024839,
0.57024839,
0.57024839,
0.57024839,
0.57024839,
0.57024839,
0.57024839,
0.57024839,
0.57024839,
0.57024839,
0.57024839,
0.57024839,
0.57024839,
0.57024839,
0.57024839,
0.57024839,
0.57024839,
0.57024839,
0.57024839,
0.57024839,
0.57024839,
0.57024839,
0.57024839,
0.57024839,
0.57024839,
0.57024839,
0.57024839,
0.57024839,
0.57024839,
0.57024839,
0.57024839,
0.57024839,
0.57024839,
0.57024839,
0.57024839,
0.57024839,
0.57024839,
0.57024839,
0.57024839,
0.57024839,
0.57024839,
0.57024839,
0.57024839,
0.57024839,
0.57024839,
0.57024839,
0.57024839,
0.570248393,
0.570248405,
0.570248461,
0.570248681,
0.570249463,
0.570251969,
0.570259267,
0.57027869,
0.570326139,
0.570433064,
0.570656371,
0.571090669,
0.571880979,
0.573232321,
0.575409819,
0.578719092,
0.583456283,
0.589832674,
0.597913233,
0.607620055,
0.618800285,
0.63130025,
0.644994986,
0.659766838,
0.675462121,
0.691871974,
0.708763732,
0.725935747,
0.743249181,
0.760625161,
0.778025519,
0.795434246,
0.812845494,
0.830257398,
0.847669395,
0.86508114,
0.882491777,
0.899898536,
0.917293487,
0.934656945,
0.951946804,
0.969086416,
0.98596045,
1.0024327,
1.01838858,
1.03377904,
1.04863436,
1.063043,
1.07711656,
1.09096116,
1.10466217,
1.11828014,
1.13185336,
1.14540288,
1.15893707,
1.1724541,
1.1859417,
1.19937443,
1.21270915,
1.22587997,
1.23879444,
1.25133357,
1.26335929,
1.2747326,
1.2853425,
1.29513657,
1.30413798,
1.31243867,
1.32017322,
1.32748736,
1.33451341,
1.34135696,
1.34809361,
1.35477242,
1.36142216,
1.36805768,
1.37468472,
1.38130226,
1.38790229,
1.39446725,
1.40096558,
1.40734636,
1.41353491,
1.4194315,
1.42491602,
1.42986047,
1.43414953,
1.43770491,
1.44050521,
1.44259197,
1.44405885,
1.44502929,
1.44563211,
1.44598278,
1.44617322,
1.44626945,
1.44631452,
1.44633402,
1.44634177,
1.44634456,
1.44634535
]
}
}
]
}
}
]
}
}
