{
"global_time": 0.0,
"wall": {
"description_2d": [
{
"limiter": {
"unit": [
{
"outline": {
"z": [
0.3359477656162539,
0.27970766848448314,
0.22410227121598011,
0.16901072305561335,
0.11424971574045012,
0.05972562342107929,
0.005480582920317223,
0.0047026951482134205,
-0.04910057943114787,
-0.10298451915892554,
-0.15703797419764742,
-0.21134756763625273,
-0.2659976009319005,
-0.32102414875482344,
-0.3763499896097382,
-0.4320568622049279,
-0.4882390009881141,
-0.5450010911599611,
-0.6025018997531878,
-0.6607592542423686,
-0.7196720683854365,
-0.7796572820734853,
-0.8406777737165142,
-0.9024484540877301,
-0.9649679265591602,
-1.0282333173033382,
-1.0923799007775208,
-1.1577108706281214,
-1.2239920774169355,
-1.2909536293623993,
-1.358797550466716,
-1.427563027818494,
-1.4971653080101461,
-1.567883743656218,
-1.6402362856456656,
-1.714410463119631,
-1.7904773856860272,
-1.870107575530477,
-1.9530226408784574,
-2.039775454627911,
-2.1311033861053863,
-2.2275259328968096,
-2.329526943242494,
-2.4372925130147443,
-2.551273512670316,
-2.671379023084915,
-2.7961505667882918,
-2.924497641298182,
-3.055415219585921,
-3.187502431374681,
-3.320098390404236,
-3.4519688079274586,
-3.5765268798054075,
-3.704590319103292,
-3.829462960080835,
-3.9405705353074265,
-4.047587137865172,
-4.154575057984857,
-4.256948583950765,
-4.349381696847733,
-4.4343823177601465,
-4.514983307038653,
-4.589110223648278,
-4.655091809763485,
-4.713205569755541,
-4.766034092514911,
-4.812352031179346,
-4.851298514648047,
-4.882982767882298,
-4.908223118710573,
-4.927102313002376,
-4.940193456343437,
-4.947521026957496,
-4.9491545659521385,
-4.945415067767696,
-4.936511871711508,
-4.922491028033882,
-4.90378081944068,
-4.880929109097066,
-4.853599916762285,
-4.821215150043729,
-4.783843218793811,
-4.741745864183933,
-4.694447063125027,
-4.641743712669211,
-4.584126811550201,
-4.522094413117884,
-4.454216572764874,
-4.3799595675149146,
-4.299549796760221,
-4.213904113384684,
-4.124490276791345,
-4.032399907986882,
-3.938140862126517,
-3.8424251101782114,
-3.7409132448934095,
-3.638524586684005,
-3.5431627093195224,
-3.4597807101098947,
-3.3789476899055892,
-3.294172139081191,
-3.2061331345479642,
-3.1153877392403637,
-3.022921231572476,
-2.9301609939265623,
-2.838518594885799,
-2.7493845132657286,
-2.6606378394108114,
-2.5761048183281616,
-2.4995223192889724,
-2.4317742958036184,
-2.368598445826036,
-2.307273833096188,
-2.248943770595772,
-2.1935193091919696,
-2.1404380733173474,
-2.088833391063009,
-2.0379862121056056,
-1.987863493439324,
-1.9381612123197667,
-1.888446582609572,
-1.8382771801614461,
-1.787238173109867,
-1.735337285357816,
-1.6828890140546453,
-1.630179154533807,
-1.5774457519218437,
-1.5246867068358845,
-1.471617798228217,
-1.418144539777304,
-1.3644086991575801,
-1.3106068053520084,
-1.2569884352772815,
-1.2038519123937308,
-1.1513866267994395,
-1.0999702952226618,
-1.0498616509518097,
-1.000685113399383,
-0.9521864224610832,
-0.9041604714395071,
-0.8563959600260813,
-0.8086750283089631,
-0.7607725068113631,
-0.7124551810747186,
-0.6633458610091221,
-0.6132223847722461,
-0.5628181401340627,
-0.5130045592684472,
-0.46307806620323205,
-0.41155302924707027,
-0.35867049867595524,
-0.3055222185257357,
-0.2522443809967464,
-0.19894436592556197,
-0.14570766686715986,
-0.09260388072107045,
-0.03968577308346943,
0.01399660622369242,
0.06938347161683639,
0.12603060122039958,
0.18322056021282407,
0.2408432809821423,
0.29879110581452345,
0.35696056422778666,
0.41525441384866935,
0.47358541295090256,
0.5318619504673165,
0.5897679269718523,
0.6486390838315486,
0.7051124733177629,
0.7628184485062186,
0.8217576906526183,
0.8816552156353309,
0.9422297933796508,
1.0024118018483352,
1.061984812156578,
1.1217639695318256,
1.1820512511587964,
1.2428128273552863,
1.303997241837147,
1.365534608192696,
1.4273371257386334,
1.4890498796293365,
1.5503425372240902,
1.612070053314389,
1.6746827458368514,
1.7376745998065382,
1.8007124444943583,
1.863867782513885,
1.9272525147493142,
1.99096702890246,
2.0551115569409406,
2.119573507763775,
2.184251771752281,
2.2490934105586504,
2.314047970602946,
2.3790649232894703,
2.4440880739795863,
2.5089775825329923,
2.574062004370938,
2.639510112253931,
2.7052193367053357,
2.7710515252155274,
2.836874319848669,
2.9025469911443373,
2.9678652799373,
3.033336733334765,
3.099156801432141,
3.1652209634893245,
3.231388649225983,
3.2974909757340036,
3.3633000926244647,
3.429019487392312,
3.4944711410407687,
3.5593644970522833,
3.6234172228515527,
3.686363471763425,
3.7478763357552896,
3.8079496913791613,
3.8671163399734927,
3.925835582070192,
3.984489615100622,
4.043437957983349,
4.102768292034419,
4.16309910674914,
4.225520918552039,
4.290782406859718,
4.3594891921496615,
4.431806998343134,
4.505907199094697,
4.5795518092410195,
4.651202523172927,
4.719814365449784,
4.7853827328245,
4.846560306032602,
4.899985109903179,
4.945542038767384,
4.98453797179527,
5.015323997490256,
5.037169839446973,
5.050599765889274,
5.056278305552194,
5.054569043206673,
5.045575285688017,
5.029546497555849,
5.007241667695105,
4.978244666909669,
4.942308951540326,
4.900465091440584,
4.8526059200969165,
4.797044180778359,
4.7337848519147805,
4.664354294686573,
4.587279053305226,
4.5007037263114995,
4.40637968124474,
4.3057436642517075,
4.19365189790431,
4.073958664878278,
3.953906235757548,
3.831275591336095,
3.696458198840692,
3.5623403594681693,
3.4289840921507406,
3.2909629238040385,
3.1578650340122447,
3.0294507735936897,
2.906589010986005,
2.787372071573445,
2.6725870548465673,
2.562561691100791,
2.4571536243377006,
2.355379072393749,
2.2570622581799222,
2.1622322633229403,
2.071207764780692,
1.9837685566219962,
1.8991631425937614,
1.81705806613425,
1.7372654015477236,
1.6597851262221706,
1.584691107015604,
1.5115098363657493,
1.4399135479544396,
1.369796518133164,
1.3010218198002093,
1.2335547919207452,
1.1675133276538616,
1.1026859313563944,
1.0389262627510716,
0.9762757528854996,
0.9145949214710454,
0.8537749104418155,
0.7938581647012887,
0.734712888413971,
0.6761949875824651,
0.6183562485791277,
0.5611151224000307,
0.5043151330673274,
0.4479213683145803,
0.39197286381884733
],